Value.date,Value.code,Value.open,Value.high,Value.low,Value.close,Value.change,Value.pctChange,Value.accumulatedVol,Value.accumulatedVal,Value.nmVolume,Value.nmValue,Value.ptVolume,Value.ptValue
2023-06-14,VNINDEX,1124.56,1129.49,1117.42,1117.42,-5.04,-0.449014,928596018,1.71307E+13,845985495,1.51558E+13,82610523,1.97488E+12
2023-06-13,VNINDEX,1117.43,1122.46,1116.1,1122.46,6.44,0.577051,943763990,1.74438E+13,870632388,1.5311E+13,73131602,2.1328E+12
2023-06-12,VNINDEX,1110.26,1116.02,1100.08,1116.02,8.49,0.766571,798173949,1.52726E+13,726468075,1.36685E+13,71705874,1.60409E+12
2023-06-09,VNINDEX,1103.11,1107.53,1097.23,1107.53,6.21,0.563869,902410724,1.65312E+13,839932690,1.50854E+13,62478034,1.44576E+12
2023-06-08,VNINDEX,1111.86,1115.14,1101.32,1101.32,-8.22,-0.740848,1325164462,2.36949E+13,1211918881,2.10172E+13,113245581,2.6777E+12
2023-06-07,VNINDEX,1111.67,1112.28,1104.26,1109.54,1.23,0.11098,1000911950,1.80878E+13,930633273,1.65212E+13,70278677,1.56657E+12
2023-06-06,VNINDEX,1099.99,1108.31,1098.28,1108.31,10.49,0.95553,842954585,1.56471E+13,782875254,1.43497E+13,60079331,1.29748E+12
2023-06-05,VNINDEX,1100.2,1103.81,1096.76,1097.82,6.98,0.639874,948581116,1.75657E+13,894192735,1.6321E+13,54388381,1.24471E+12
2023-06-02,VNINDEX,1084.19,1092.24,1083.36,1090.84,12.45,1.154499,1037653812,1.83546E+13,973612380,1.6886E+13,64041432,1.46861E+12
2023-06-01,VNINDEX,1076.27,1078.39,1071.61,1078.39,3.22,0.299488,857008702,1.38649E+13,820389002,1.29024E+13,36619700,9.62584E+11
2023-05-31,VNINDEX,1078.39,1079.11,1071.38,1075.17,-2.88,-0.267149,924559418,1.58225E+13,861971144,1.41056E+13,62588274,1.71686E+12
2023-05-30,VNINDEX,1078.82,1079.31,1071.01,1078.05,3.07,0.285587,923125409,1.6428E+13,816189869,1.36039E+13,106935540,2.82407E+12
2023-05-29,VNINDEX,1067.34,1077.18,1066.34,1074.98,11.22,1.054749,845051129,1.37917E+13,738649882,1.16483E+13,106401247,2.14339E+12
2023-05-26,VNINDEX,1067.24,1067.28,1063.76,1063.76,-0.87,-0.081719,640862279,1.08918E+13,595997567,9.42861E+12,44864712,1.46322E+12
2023-05-25,VNINDEX,1062.03,1065.5,1057.91,1064.63,2.84,0.267473,669662532,1.17068E+13,614247483,1.05464E+13,55415049,1.16034E+12
2023-05-24,VNINDEX,1069.13,1069.61,1060.6,1061.79,-4.06,-0.380917,794252179,1.37738E+13,682805457,1.13611E+13,111446722,2.41271E+12
2023-05-23,VNINDEX,1073.12,1073.96,1062.15,1065.85,-4.79,-0.447396,722141715,1.28645E+13,668754534,1.18463E+13,53387181,1.01815E+12
2023-05-22,VNINDEX,1067.32,1070.64,1065.88,1070.64,3.57,0.334561,711259230,1.25356E+13,634216270,1.10112E+13,77042960,1.52443E+12
2023-05-19,VNINDEX,1070.13,1070.15,1058.56,1067.07,-1.24,-0.116071,755637717,1.33642E+13,661785720,1.05883E+13,93851997,2.77593E+12
2023-05-18,VNINDEX,1063.66,1073.41,1060.94,1068.31,7.87,0.742145,649674232,1.17418E+13,591022160,1.02555E+13,58652072,1.48632E+12
2023-05-17,VNINDEX,1066.27,1069.95,1060.44,1060.44,-5.47,-0.513177,836989110,1.32757E+13,762344051,1.16475E+13,74645059,1.62816E+12
2023-05-16,VNINDEX,1068.51,1069.27,1063.65,1065.91,0.2,0.018767,681519481,1.1285E+13,592274570,9.64114E+12,89244911,1.64387E+12
2023-05-15,VNINDEX,1074.82,1076.32,1065.71,1065.71,-1.19,-0.111538,834684167,1.36256E+13,783882317,1.26088E+13,50801850,1.01679E+12
2023-05-12,VNINDEX,1057.7,1066.9,1053.97,1066.9,9.78,0.925155,725997970,1.1977E+13,688714570,1.1121E+13,37283400,8.56022E+11
2023-05-11,VNINDEX,1060.75,1063.69,1056.72,1057.12,-1.14,-0.107724,708484833,1.15341E+13,681658118,1.07985E+13,26826715,7.35584E+11
2023-05-10,VNINDEX,1055.62,1058.67,1053.34,1058.26,4.49,0.426089,717582401,1.11605E+13,650840001,9.82915E+12,66742400,1.33133E+12
2023-05-09,VNINDEX,1055.42,1058.71,1052.68,1053.77,0.33,0.031326,564536016,9.34077E+12,502647817,8.04348E+12,61888199,1.29729E+12
2023-05-08,VNINDEX,1043.44,1053.44,1043.44,1053.44,13.13,1.262124,655670835,1.07867E+13,591385275,9.24595E+12,64285560,1.54072E+12
2023-05-05,VNINDEX,1040.12,1043.22,1036.69,1040.31,-0.3,-0.028829,547895257,9.30512E+12,440008055,6.89431E+12,107887202,2.41081E+12
2023-05-04,VNINDEX,1046.05,1048.16,1038.18,1040.61,-8.51,-0.811156,625943598,1.04983E+13,571725138,9.26184E+12,54218460,1.23645E+12
2023-04-28,VNINDEX,1043.17,1049.12,1042.04,1049.12,9.49,0.912825,613275312,1.0286E+13,571831612,9.26186E+12,41443700,1.02412E+12
2023-04-27,VNINDEX,1041.39,1044.25,1037.62,1039.63,-1.17,-0.112414,511846205,8.69151E+12,466566924,7.60256E+12,45279281,1.08895E+12
2023-04-26,VNINDEX,1034.18,1040.8,1029.19,1040.8,5.95,0.574963,576776771,1.14316E+13,431573300,7.52009E+12,145203471,3.91147E+12
2023-04-25,VNINDEX,1045.87,1045.87,1032.49,1034.85,-6.51,-0.625144,539716479,9.41976E+12,485818386,8.38821E+12,53898093,1.03155E+12
2023-04-24,VNINDEX,1045.28,1047.18,1038.36,1041.36,-1.55,-0.148623,557113675,9.14579E+12,451263241,7.18614E+12,105850434,1.95966E+12
2023-04-21,VNINDEX,1050.1,1050.4,1041.26,1042.91,-6.34,-0.604241,553150388,9.67743E+12,512549327,8.84079E+12,40601061,8.36639E+11
2023-04-20,VNINDEX,1050.02,1051.86,1045.85,1049.25,0.27,0.025739,373836194,6.62885E+12,332671425,5.63856E+12,41164769,9.90291E+11
2023-04-19,VNINDEX,1057.88,1058.14,1047.47,1048.98,-6.04,-0.572501,569796173,9.72743E+12,496393949,8.61199E+12,73402224,1.11544E+12
2023-04-18,VNINDEX,1055.85,1057.15,1050.89,1055.02,1.21,0.114821,539863005,9.58119E+12,494534789,8.46442E+12,45328216,1.11677E+12
2023-04-17,VNINDEX,1052.99,1054.72,1049.11,1053.81,0.92,0.087379,453892269,8.05516E+12,406677599,6.71705E+12,47214670,1.33811E+12
2023-04-14,VNINDEX,1067.21,1068.79,1052.89,1052.89,-11.41,-1.072066,786666862,1.33288E+13,724621118,1.19866E+13,62045744,1.34218E+12
2023-04-13,VNINDEX,1070.96,1070.96,1062.26,1064.3,-5.15,-0.481556,673187292,1.144E+13,595893286,1.0051E+13,77294006,1.38902E+12
2023-04-12,VNINDEX,1071.61,1072.7,1066.43,1069.45,-0.01,-0.000935,726340439,1.26574E+13,661059890,1.12429E+13,65280549,1.4145E+12
2023-04-11,VNINDEX,1063.64,1070.56,1056.9,1069.46,4.11,0.385789,697925863,1.15942E+13,642787649,1.03552E+13,55138214,1.23908E+12
2023-04-10,VNINDEX,1073.86,1075.54,1063.45,1065.35,-4.36,-0.407587,857647895,1.50598E+13,789400520,1.3084E+13,68247375,1.97578E+12
2023-04-07,VNINDEX,1071.09,1072.94,1063.7,1069.71,-1.2,-0.112054,646146302,1.07852E+13,600743070,9.55822E+12,45403232,1.22699E+12
2023-04-06,VNINDEX,1083.27,1084.52,1070.91,1070.91,-9.95,-0.920563,999006396,1.57969E+13,955600807,1.48463E+13,43405589,9.50617E+11
2023-04-05,VNINDEX,1079.06,1080.86,1074.1,1080.86,2.41,0.223469,793935175,1.28699E+13,707086731,1.14395E+13,86848444,1.43043E+12
2023-04-04,VNINDEX,1081.36,1082.21,1075.1,1078.45,-0.83,-0.076903,804098385,1.35877E+13,746370030,1.23908E+13,57728355,1.19682E+12
2023-04-03,VNINDEX,1074.69,1079.28,1071.6,1079.28,14.64,1.375113,821519375,1.41782E+13,779125935,1.29873E+13,42393440,1.19082E+12
2023-03-31,VNINDEX,1060,1067.55,1059.79,1064.64,5.2,0.490825,640079980,1.18327E+13,574389948,1.05022E+13,65690032,1.33047E+12
2023-03-30,VNINDEX,1061.32,1066.23,1058.89,1059.44,3.11,0.294416,634109377,1.10457E+13,555354336,9.65905E+12,78755041,1.38666E+12
2023-03-29,VNINDEX,1055.18,1056.33,1048.26,1056.33,2.04,0.193495,461073256,8.30331E+12,415232942,7.30741E+12,45840314,9.95902E+11
2023-03-28,VNINDEX,1055.57,1059.83,1051.75,1054.29,2.04,0.19387,648244317,1.12099E+13,583252019,9.71748E+12,64992298,1.49241E+12
2023-03-27,VNINDEX,1047.78,1053.78,1041.99,1052.25,5.46,0.521595,557092929,9.71842E+12,510617619,8.43308E+12,46475310,1.28533E+12
2023-03-24,VNINDEX,1047.1,1052.29,1044.02,1046.79,1.69,0.161707,579867648,9.44483E+12,507075708,8.14847E+12,72791940,1.29635E+12
2023-03-23,VNINDEX,1035.33,1045.1,1030.93,1045.1,4.56,0.438234,431535129,7.79083E+12,369689198,6.54169E+12,61845931,1.24914E+12
2023-03-22,VNINDEX,1035.84,1042.84,1032.6,1040.54,8.11,0.785525,458871034,8.6497E+12,382803308,7.06557E+12,76067726,1.58413E+12
2023-03-21,VNINDEX,1028.83,1036.15,1017.05,1032.43,9.33,0.911934,474986726,8.32606E+12,381595857,6.68015E+12,93390869,1.64591E+12
2023-03-20,VNINDEX,1041.91,1042.6,1022.71,1023.1,-22.04,-2.108808,567479333,9.75602E+12,476205396,8.00312E+12,91273937,1.7529E+12
2023-03-17,VNINDEX,1053.37,1055.42,1043.54,1045.14,-2.26,-0.215772,565022067,1.02913E+13,491919487,9.04629E+12,73102580,1.24502E+12
2023-03-16,VNINDEX,1056.15,1058.73,1043.65,1047.4,-14.79,-1.392406,533030416,9.4038E+12,464248804,7.99557E+12,68781612,1.40823E+12
2023-03-15,VNINDEX,1052.06,1062.55,1043.82,1062.19,22.06,2.120889,623023530,1.0679E+13,549354353,9.04794E+12,73669177,1.63107E+12
2023-03-14,VNINDEX,1049.3,1051.56,1034.72,1040.13,-12.67,-1.203457,621324324,1.04501E+13,559268089,9.16053E+12,62056235,1.28954E+12
2023-03-13,VNINDEX,1046.95,1055.58,1045.46,1052.8,-0.2,-0.018993,625193780,1.12285E+13,524697475,8.85531E+12,100496305,2.37323E+12
2023-03-10,VNINDEX,1050.53,1053.86,1046.31,1053,-2.95,-0.279369,508715035,8.74766E+12,456904718,7.80515E+12,51810317,9.42512E+11
2023-03-09,VNINDEX,1050.61,1060.56,1049.45,1055.95,6.77,0.645266,609191085,1.07323E+13,557795196,9.60882E+12,51395889,1.12343E+12
2023-03-08,VNINDEX,1028.77,1049.18,1027.8,1049.18,11.34,1.092654,510402640,8.54126E+12,480772305,7.82307E+12,29630335,7.18191E+11
2023-03-07,VNINDEX,1033.96,1043.92,1033.32,1037.84,10.66,1.037793,473275448,8.25312E+12,424751711,7.03926E+12,48523737,1.21386E+12
2023-03-06,VNINDEX,1032.68,1042.43,1026.73,1027.18,2.41,0.235175,422003753,6.81276E+12,390167802,6.16927E+12,31835951,6.43493E+11
2023-03-03,VNINDEX,1038.1,1041.82,1022.78,1024.77,-12.84,-1.237459,447820138,7.21251E+12,384860210,5.9894E+12,62959928,1.22311E+12
2023-03-02,VNINDEX,1039,1043.8,1033.07,1037.61,-2.94,-0.282543,373284879,6.36553E+12,323600739,5.14668E+12,49684140,1.21885E+12
2023-03-01,VNINDEX,1023.29,1040.55,1013.37,1040.55,15.87,1.548776,523740464,8.26407E+12,468831652,7.14242E+12,54908812,1.12165E+12
2023-02-28,VNINDEX,1027.74,1034.36,1018.72,1024.68,3.43,0.335863,433075336,6.48286E+12,361840202,5.27512E+12,71235134,1.20773E+12
2023-02-27,VNINDEX,1029.55,1037.54,1017.55,1021.25,-18.31,-1.761322,588735587,9.33219E+12,514047262,7.73838E+12,74688325,1.59381E+12
2023-02-24,VNINDEX,1051.58,1052.49,1034.66,1039.56,-14.1,-1.338193,430501986,6.5495E+12,397411116,5.89378E+12,33090870,6.55726E+11
2023-02-23,VNINDEX,1053.95,1054.48,1030.58,1053.66,-0.62,-0.058808,720896060,1.20844E+13,635875420,9.90406E+12,85020640,2.18039E+12
2023-02-22,VNINDEX,1073.62,1079.72,1054.28,1054.28,-27.95,-2.58263,814188429,1.27399E+13,766875629,1.16637E+13,47312800,1.07626E+12
2023-02-21,VNINDEX,1089.74,1095.1,1081.8,1082.23,-4.46,-0.410421,720550858,1.18626E+13,654986075,1.0409E+13,65564783,1.4536E+12
2023-02-20,VNINDEX,1059.74,1088.01,1059.56,1086.69,27.38,2.584701,682502205,1.17092E+13,632357012,1.0507E+13,50145193,1.20224E+12
2023-02-17,VNINDEX,1058.99,1062.25,1053.26,1059.31,1.02,0.096382,465220311,7.6952E+12,429361712,6.88817E+12,35858599,8.07031E+11
2023-02-16,VNINDEX,1051.16,1058.29,1047.45,1058.29,10.09,0.962603,475934492,8.4526E+12,410424347,6.88632E+12,65510145,1.56628E+12
2023-02-15,VNINDEX,1037.17,1051.89,1034.39,1048.2,9.56,0.920434,585903211,9.86601E+12,494219711,7.91645E+12,91683500,1.94956E+12
2023-02-14,VNINDEX,1045.14,1046.64,1032.76,1038.64,-5.06,-0.484814,395839742,6.72525E+12,338603680,5.49147E+12,57236062,1.23379E+12
2023-02-13,VNINDEX,1050.99,1054.05,1031.7,1043.7,-11.6,-1.099213,681480857,1.04625E+13,604081987,8.92122E+12,77398870,1.54131E+12
2023-02-10,VNINDEX,1066.16,1066.28,1054.08,1055.3,-8.73,-0.820466,464058231,8.16334E+12,405981492,6.67314E+12,58076739,1.49021E+12
2023-02-09,VNINDEX,1070.07,1075.2,1064.03,1064.03,-8.19,-0.763836,473955912,9.22409E+12,383385672,6.77608E+12,90570240,2.44801E+12
2023-02-08,VNINDEX,1067.58,1079.51,1063.5,1072.22,6.38,0.598589,569461446,1.00129E+13,480412264,8.10214E+12,89049182,1.91073E+12
2023-02-07,VNINDEX,1088.07,1092.12,1065.18,1065.84,-23.45,-2.152778,673372904,1.21712E+13,595117862,1.00245E+13,78255042,2.14673E+12
2023-02-06,VNINDEX,1072.53,1089.29,1067.24,1089.29,12.14,1.127048,527127410,9.6102E+12,415509001,7.27308E+12,111618409,2.33711E+12
2023-02-03,VNINDEX,1078.8,1081.89,1070.46,1077.15,-0.44,-0.040832,563967725,1.07946E+13,506228410,9.21238E+12,57739315,1.5822E+12
2023-02-02,VNINDEX,1079.69,1083.36,1070.81,1077.59,1.62,0.150562,634885667,1.10559E+13,592840287,9.92616E+12,42045380,1.12979E+12
2023-02-01,VNINDEX,1114.68,1116.96,1075.97,1075.97,-35.21,-3.168704,1030115477,1.76282E+13,974313591,1.63986E+13,55801886,1.22958E+12
2023-01-31,VNINDEX,1100.4,1111.18,1088.25,1111.18,8.61,0.780903,748614963,1.36049E+13,653777043,1.17388E+13,94837920,1.86611E+12
2023-01-30,VNINDEX,1117.66,1118.46,1102.57,1102.57,-14.53,-1.300689285,798883576,1.3632E+13,751669376,1.25915E+13,47214200,1.04054E+12
2023-01-27,VNINDEX,1114.15,1124.3,1111.41,1117.1,9.02,0.814021,605114447,1.11064E+13,571796047,1.03775E+13,33318400,7.28857E+11
2023-01-19,VNINDEX,1095.53,1111.72,1094.46,1108.08,9.8,0.892304,617867776,1.17333E+13,578424840,1.05577E+13,39442936,1.17557E+12
2023-01-18,VNINDEX,1092.5,1100.39,1089.56,1098.28,9.99,0.917954,604387990,1.02416E+13,553973050,9.3877E+12,50414940,8.5393E+11
2023-01-17,VNINDEX,1071.37,1088.29,1067.6,1088.29,21.61,2.025912,674147543,1.17572E+13,592973477,1.01736E+13,81174066,1.58362E+12
2023-01-16,VNINDEX,1062.27,1067.74,1057.87,1066.68,6.51,0.614052,520930889,9.37517E+12,408251101,6.73244E+12,112679788,2.64273E+12
2023-01-13,VNINDEX,1060.71,1066.39,1055.23,1060.17,3.78,0.357822,670363297,1.23974E+13,475831302,7.89208E+12,194531995,4.50532E+12
2023-01-12,VNINDEX,1058.51,1060.97,1050.27,1056.39,0.63,0.059673,506592614,8.71439E+12,384711856,6.48633E+12,121880758,2.22806E+12
2023-01-11,VNINDEX,1058.25,1065.69,1054.53,1055.76,2.41,0.228794,545348353,8.86126E+12,508383635,8.24894E+12,36964718,6.12316E+11
2023-01-10,VNINDEX,1054.84,1057.44,1045.75,1053.35,-0.86,-0.081578,546413151,9.71369E+12,423559983,7.16918E+12,122853168,2.5445E+12
2023-01-09,VNINDEX,1058.28,1062.12,1050.95,1054.21,2.77,0.263448,475333884,8.52087E+12,386475419,6.51636E+12,88858465,2.0045E+12
2023-01-06,VNINDEX,1055.51,1065.58,1047.26,1051.44,-4.38,-0.414843,698705084,1.19507E+13,614839617,1.01265E+13,83865467,1.82415E+12
2023-01-05,VNINDEX,1048.17,1058.14,1046.64,1055.82,9.47,0.905051,535201022,9.18777E+12,496648822,8.15185E+12,38552200,1.03593E+12
2023-01-04,VNINDEX,1048.31,1052.6,1041.56,1046.35,2.45,0.234697,647895955,1.05358E+13,567122435,9.09823E+12,80773520,1.43756E+12
2023-01-03,VNINDEX,1011.39,1043.9,1011.38,1043.9,36.81,3.655085,551510700,9.25297E+12,518330539,8.36714E+12,33180161,8.85826E+11
2022-12-30,VNINDEX,1017.45,1017.99,1007.09,1007.09,-2.2,-0.217975,407232983,7.42509E+12,344476102,5.60831E+12,62756881,1.81678E+12
2022-12-29,VNINDEX,1016.06,1021.96,1009.29,1009.29,-6.37,-0.627178,462783172,8.23835E+12,371423239,5.85331E+12,91359933,2.38504E+12
2022-12-28,VNINDEX,1008.41,1020.52,998.97,1015.66,11.09,1.103955,590582295,1.06739E+13,392401430,6.43844E+12,198180865,4.2355E+12
2022-12-27,VNINDEX,986.07,1007.88,983.67,1004.57,19.36,1.965063,593517209,9.57245E+12,507365838,7.57582E+12,86151371,1.99663E+12
2022-12-26,VNINDEX,1019.66,1021.89,985.21,985.21,-35.13,-3.44297,623665462,9.97963E+12,567028245,8.4927E+12,56637217,1.48694E+12
2022-12-23,VNINDEX,1023.69,1027.34,1013.2,1020.34,-2.27,-0.221981,544247110,9.10093E+12,423957138,6.80493E+12,120289972,2.296E+12
2022-12-22,VNINDEX,1026.49,1033.18,1016.54,1022.61,3.73,0.366088,714364604,1.2901E+13,531856686,8.41996E+12,182507918,4.481E+12
2022-12-21,VNINDEX,1033.34,1033.84,1005.43,1018.88,-4.25,-0.415392,857499523,1.44174E+13,703743162,1.07096E+13,153756361,3.70781E+12
2022-12-20,VNINDEX,1035.82,1038.74,1010.08,1023.13,-15.27,-1.470532,1075640284,1.74701E+13,954254715,1.48661E+13,121385569,2.60408E+12
2022-12-19,VNINDEX,1053.91,1065.59,1038.4,1038.4,-14.08,-1.337793,989054369,1.6047E+13,852541606,1.42451E+13,136512763,1.8019E+12
2022-12-16,VNINDEX,1048.62,1064.79,1047.16,1052.48,-2.84,-0.269113,881745262,1.55131E+13,790451687,1.36346E+13,91293575,1.87848E+12
2022-12-15,VNINDEX,1049.16,1062.61,1049.06,1055.32,4.89,0.465524,731286237,1.23385E+13,665936183,1.12297E+13,65350054,1.1088E+12
2022-12-14,VNINDEX,1062.18,1062.18,1046.43,1050.43,2.98,0.2845,792224216,1.37341E+13,668040483,1.12154E+13,124183733,2.51868E+12
2022-12-13,VNINDEX,1035.76,1047.45,1026.3,1047.45,15.38,1.490209,798904505,1.32409E+13,735990880,1.21145E+13,62913625,1.12639E+12
2022-12-12,VNINDEX,1059.55,1065.16,1032.07,1032.07,-19.74,-1.876765,909770970,1.64053E+13,808987597,1.35312E+13,100783373,2.87411E+12
2022-12-09,VNINDEX,1056.85,1061.21,1041.39,1051.81,1.28,0.121843,788406864,1.29531E+13,725840141,1.18074E+13,62566723,1.14573E+12
2022-12-08,VNINDEX,1055.21,1078.09,1045.98,1050.53,9.51,0.913527,917208133,1.54552E+13,873932924,1.45174E+13,43275209,9.378E+11
2022-12-07,VNINDEX,1046.72,1059.79,1034.92,1041.02,-7.67,-0.731389,921153549,1.40492E+13,828165808,1.2767E+13,92987741,1.28223E+12
2022-12-06,VNINDEX,1088.9,1090.64,1048.69,1048.69,-44.98,-4.112758,1482164746,2.35392E+13,1357245176,2.17361E+13,124919570,1.80308E+12
2022-12-05,VNINDEX,1090.97,1099.45,1082.59,1093.67,13.66,1.264803,1257851229,2.09813E+13,1112476953,1.79622E+13,145374276,3.01914E+12
2022-12-02,VNINDEX,1032.67,1080.01,1030.81,1080.01,43.73,4.219902,1092588257,1.79298E+13,1014519597,1.63006E+13,78068660,1.62918E+12
2022-12-01,VNINDEX,1057.97,1066.28,1035.62,1036.28,-12.14,-1.157933,1344846312,2.1837E+13,1263641012,2.03202E+13,81205300,1.51681E+12
2022-11-30,VNINDEX,1037.44,1048.42,1021.54,1048.42,16.26,1.575337,1143579540,1.7769E+13,956740638,1.43509E+13,186838902,3.41805E+12
2022-11-29,VNINDEX,1008.85,1032.16,998.56,1032.16,26.47,2.632024,1184412019,1.82573E+13,1101952455,1.65104E+13,82459564,1.74686E+12
2022-11-28,VNINDEX,979.68,1006.22,979.48,1005.69,34.23,3.523562,974050396,1.59489E+13,872659644,1.39601E+13,101390752,1.98883E+12
2022-11-25,VNINDEX,956.62,971.46,955.53,971.46,23.75,2.506041,622652960,9.71905E+12,554522096,8.42186E+12,68130864,1.2972E+12
2022-11-24,VNINDEX,942.86,950.03,934.31,947.71,1.71,0.180761,543143603,8.35828E+12,482211800,6.96113E+12,60931803,1.39716E+12
2022-11-23,VNINDEX,947.81,958.61,942.02,946,-6.12,-0.642776,542250864,7.86113E+12,489057298,6.94047E+12,53193566,9.20661E+11
2022-11-22,VNINDEX,953.78,985.28,948.52,952.12,-8.53,-0.88794,1050262117,1.66764E+13,978966312,1.53024E+13,71295805,1.37407E+12
2022-11-21,VNINDEX,971.58,973.19,956.77,960.65,-8.68,-0.895464,597890465,8.78838E+12,522896406,7.41455E+12,74994059,1.37383E+12
2022-11-18,VNINDEX,967.18,971.77,939.73,969.33,0.07,0.007222,960782554,1.37068E+13,833998764,1.15222E+13,126783790,2.18462E+12
2022-11-17,VNINDEX,952.91,972.88,945.09,969.26,26.36,2.795631,724650868,1.1421E+13,589757181,9.18316E+12,134893687,2.2378E+12
2022-11-16,VNINDEX,876,945.42,873.78,942.9,31,3.399496,1047008021,1.43779E+13,934319990,1.23006E+13,112688031,2.07723E+12
2022-11-15,VNINDEX,926.08,929.06,900.17,911.9,-29.14,-3.096574,692576100,9.80375E+12,589338231,7.75766E+12,103237869,2.04608E+12
2022-11-14,VNINDEX,939.94,949.38,923.53,941.04,-13.49,-1.413261,666226769,9.4522E+12,599475661,8.14343E+12,66751108,1.30877E+12
2022-11-11,VNINDEX,954.95,966.7,949.49,954.53,7.29,0.769604,736655065,1.0995E+13,646430307,9.43322E+12,90224758,1.5618E+12
2022-11-10,VNINDEX,974.76,976.31,935.78,947.24,-38.35,-3.89107,698929752,1.08353E+13,698929752,1.08353E+13,0,0
2022-11-09,VNINDEX,983.62,994.79,977.93,985.59,3.94,0.401365,583193535,1.03964E+13,479348375,8.15007E+12,103845160,2.24635E+12
2022-11-08,VNINDEX,960.93,981.86,956.97,981.65,6.46,0.662435,660903541,1.03778E+13,542658093,8.12164E+12,118245448,2.25618E+12
2022-11-07,VNINDEX,989.74,996.18,969.61,975.19,-21.96,-2.202276,646996369,1.05587E+13,534179038,8.37957E+12,112817331,2.17918E+12
2022-11-04,VNINDEX,1008.23,1009.96,974.61,997.15,-22.66,-2.221983,753263936,1.29128E+13,694874936,1.14378E+13,58389000,1.47506E+12
2022-11-03,VNINDEX,1011.41,1023.95,1010.65,1019.81,-3.38,-0.330339,443005956,7.8734E+12,404560465,6.98791E+12,38445491,8.85491E+11
2022-11-02,VNINDEX,1033.51,1034.73,1018.64,1023.19,-10.56,-1.021524,578369891,1.00995E+13,488484391,8.71156E+12,89885500,1.38798E+12
2022-11-01,VNINDEX,1034.77,1043.53,1027.39,1033.75,5.81,0.565208,614154012,1.07424E+13,576018299,9.82671E+12,38135713,9.157E+11
2022-10-31,VNINDEX,1028.24,1030.32,1005,1027.94,0.58,0.056455,662224842,1.14246E+13,581686899,9.84488E+12,80537943,1.57972E+12
2022-10-28,VNINDEX,1036.27,1044.57,1026.53,1027.36,-0.65,-0.063229,654695656,1.3345E+13,515678504,8.66829E+12,139017152,4.67672E+12
2022-10-27,VNINDEX,994.82,1028.01,990.48,1028.01,34.65,3.488161,647916325,1.11259E+13,572521830,9.53633E+12,75394495,1.58952E+12
2022-10-26,VNINDEX,1000.71,1004.55,984.71,993.36,-4.34,-0.435001,448402374,8.05111E+12,352504126,5.85676E+12,95898248,2.19435E+12
2022-10-25,VNINDEX,980.47,1011.39,962.45,997.7,11.55,1.171221,751400490,1.26121E+13,670496541,1.1044E+13,80903949,1.56808E+12
2022-10-24,VNINDEX,1021.25,1023.51,977.41,986.15,-33.67,-3.301563,655120948,1.20763E+13,547325768,8.98437E+12,107795180,3.09189E+12
2022-10-21,VNINDEX,1059.03,1059.09,1013.69,1019.82,-38.63,-3.649676,742271825,1.46202E+13,642381040,1.16009E+13,99890785,3.01931E+12
2022-10-20,VNINDEX,1056.14,1065.28,1048.21,1058.45,-1.62,-0.15282,398430362,8.39477E+12,352606874,7.17281E+12,45823488,1.22196E+12
2022-10-19,VNINDEX,1065.08,1065.99,1052.29,1060.07,-3.59,-0.337514,400777713,8.27687E+12,345536813,6.57859E+12,55240900,1.69828E+12
2022-10-18,VNINDEX,1065.6,1071.74,1057.71,1063.66,12.08,1.148748,515005684,1.01698E+13,466601790,9.07168E+12,48403894,1.09807E+12
2022-10-17,VNINDEX,1053.46,1054.05,1033.59,1051.58,-10.27,-0.96718,497556313,9.55302E+12,435862211,8.02854E+12,61694102,1.52448E+12
2022-10-14,VNINDEX,1063.07,1068.12,1055.29,1061.85,10.86,1.033311,641682980,1.44889E+13,506507283,9.67785E+12,135175697,4.811E+12
2022-10-13,VNINDEX,1035.33,1050.99,1025.04,1050.99,16.18,1.563572,477460724,8.90355E+12,402770922,7.37573E+12,74689802,1.52782E+12
2022-10-12,VNINDEX,1006.1,1039.44,1002.89,1034.81,28.61,2.843371,616349275,1.14766E+13,533033551,9.75974E+12,83315724,1.71685E+12
2022-10-11,VNINDEX,1036.39,1036.48,998.64,1006.2,-36.28,-3.480163,672279522,1.28783E+13,581085298,1.04275E+13,91194224,2.45083E+12
2022-10-10,VNINDEX,1019.67,1051.02,1012.94,1042.48,6.57,0.634225,693182108,1.50599E+13,542075880,9.85745E+12,151106228,5.20248E+12
2022-10-07,VNINDEX,1061.93,1062.23,1022.38,1035.91,-38.61,-3.593232,877513773,1.69815E+13,788871784,1.4219E+13,88641989,2.76254E+12
2022-10-06,VNINDEX,1105.31,1106.97,1072.57,1074.52,-29.74,-2.693206,545974006,1.11192E+13,500112250,9.80322E+12,45861756,1.31595E+12
2022-10-05,VNINDEX,1092.08,1110.21,1092.08,1104.26,26.12,2.422691,452110084,9.41911E+12,397012510,7.95033E+12,55097574,1.46878E+12
2022-10-04,VNINDEX,1095.73,1100.42,1069.74,1078.14,-8.3,-0.763963,582989979,1.20527E+13,514033942,1.03099E+13,68956037,1.74277E+12
2022-10-03,VNINDEX,1124.46,1126.46,1079.86,1086.44,-45.67,-4.03406,554340459,1.15303E+13,502098805,1.00709E+13,52241654,1.45938E+12
2022-09-30,VNINDEX,1115.2,1135.47,1099.44,1132.11,6.04,0.536379,729875845,1.71413E+13,612655902,1.30432E+13,117219943,4.09814E+12
2022-09-29,VNINDEX,1157.09,1159.49,1126.07,1126.07,-17.55,-1.534601,491641674,1.12374E+13,416164258,9.16449E+12,75477416,2.07288E+12
2022-09-28,VNINDEX,1158.53,1162.6,1142.79,1143.62,-22.92,-1.964785,527899254,1.17892E+13,496930374,1.07202E+13,30968880,1.06901E+12
2022-09-27,VNINDEX,1177.51,1180.75,1166.44,1166.54,-7.81,-0.665049,466804990,1.06224E+13,415319330,9.20092E+12,51485660,1.42149E+12
2022-09-26,VNINDEX,1186.41,1190.27,1159.12,1174.35,-28.93,-2.404262,757322500,1.7559E+13,702130223,1.59826E+13,55192277,1.57644E+12
2022-09-23,VNINDEX,1212.61,1216.59,1201.45,1203.28,-11.42,-0.94015,485643164,1.13001E+13,443474468,9.94657E+12,42168696,1.35357E+12
2022-09-22,VNINDEX,1200.34,1214.7,1196.64,1214.7,4.15,0.342819,473801324,1.16735E+13,436228785,1.01935E+13,37572539,1.48001E+12
2022-09-21,VNINDEX,1213.47,1217.28,1204.68,1210.55,-8.38,-0.687488,391942824,9.78025E+12,325758197,7.52923E+12,66184627,2.25102E+12
2022-09-20,VNINDEX,1212.08,1218.93,1199.71,1218.93,13.5,1.119932,474197216,1.1166E+13,413031821,9.5679E+12,61165395,1.59808E+12
2022-09-19,VNINDEX,1231.45,1233.46,1202.07,1205.43,-28.6,-2.31761,702307025,1.67161E+13,642152831,1.49008E+13,60154194,1.81527E+12
2022-09-16,VNINDEX,1243.15,1246.17,1230.37,1234.03,-11.63,-0.933642,632370935,1.55101E+13,594453000,1.45446E+13,37917935,9.65431E+11
2022-09-15,VNINDEX,1247.34,1250.93,1243.45,1245.66,4.89,0.39411,430318683,1.13087E+13,386210366,9.79361E+12,44108317,1.51507E+12
2022-09-14,VNINDEX,1229.76,1242.17,1228.51,1240.77,-7.63,-0.611182,608485199,1.43702E+13,574967232,1.34785E+13,33517967,8.91622E+11
2022-09-13,VNINDEX,1251.1,1252.35,1243.87,1248.4,-1.22,-0.09763,474778679,1.27733E+13,464202179,1.2497E+13,10576500,2.7625E+11
2022-09-12,VNINDEX,1255.16,1257.8,1248.97,1249.62,0.84,0.067266,410185286,1.07479E+13,390724335,1.00518E+13,19460951,6.9617E+11
2022-09-09,VNINDEX,1241.26,1248.78,1228.54,1248.78,14.18,1.14855,586025787,1.37996E+13,542039800,1.25948E+13,43985987,1.20486E+12
2022-09-08,VNINDEX,1251.06,1251.36,1234.6,1234.6,-8.57,-0.689367,599611824,1.44153E+13,557779800,1.27234E+13,41832024,1.69195E+12
2022-09-07,VNINDEX,1274.6,1275.07,1243.17,1243.17,-34.23,-2.679662,852271781,2.03318E+13,796593600,1.88268E+13,55678181,1.50497E+12
2022-09-06,VNINDEX,1279.58,1286.92,1277.4,1277.4,0.05,0.003914,581454959,1.45609E+13,537987600,1.31178E+13,43467359,1.44313E+12
2022-09-05,VNINDEX,1280.26,1285.7,1275.35,1277.35,-3.16,-0.246777,524682900,1.3402E+13,466166300,1.16256E+13,58516600,1.77644E+12
2022-08-31,VNINDEX,1276.49,1285.29,1274.99,1280.51,1.12,0.087542,499312581,1.27022E+13,462420100,1.16831E+13,36892481,1.01916E+12
2022-08-30,VNINDEX,1274.97,1287.65,1271.01,1279.39,8.59,0.675952,526096366,1.38359E+13,473770000,1.22136E+13,52326366,1.6223E+12
2022-08-29,VNINDEX,1263.43,1271.56,1249.17,1270.8,-11.77,-0.917689,845897224,2.05623E+13,793997300,1.88069E+13,51899924,1.75545E+12
2022-08-26,VNINDEX,1291.29,1295.12,1280.05,1282.57,-6.31,-0.489572,668955634,1.60753E+13,614354500,1.46811E+13,54601134,1.39416E+12
2022-08-25,VNINDEX,1280.39,1289.18,1279.45,1288.88,11.72,0.917661,623966064,1.54823E+13,562124700,1.36741E+13,61841364,1.80813E+12
2022-08-24,VNINDEX,1275.57,1280.36,1272.33,1277.16,6.35,0.499681,601884844,1.51956E+13,519810800,1.28006E+13,82074044,2.395E+12
2022-08-23,VNINDEX,1253.45,1270.81,1253.45,1270.81,10.38,0.823528,564723969,1.40568E+13,520796300,1.2524E+13,43927669,1.53281E+12
2022-08-22,VNINDEX,1264.64,1270.57,1255.83,1260.43,-8.75,-0.689422,619447855,1.48391E+13,566785900,1.31401E+13,52661955,1.69904E+12
2022-08-19,VNINDEX,1272.23,1280,1263.45,1269.18,-4.48,-0.351742,607623179,1.49205E+13,568209800,1.35732E+13,39413379,1.34723E+12
2022-08-18,VNINDEX,1273.45,1283.15,1268.64,1273.66,-1.62,-0.127031,599082777,1.53515E+13,558424300,1.40814E+13,40658477,1.27015E+12
2022-08-17,VNINDEX,1276.78,1280.61,1271.97,1275.28,0.59,0.046286,712253187,1.76744E+13,644581600,1.54822E+13,67671587,2.19218E+12
2022-08-16,VNINDEX,1274.08,1275.93,1271.11,1274.69,0.49,0.038456,617719573,1.49454E+13,569526100,1.34657E+13,48193473,1.47964E+12
2022-08-15,VNINDEX,1268.56,1274.24,1267.14,1274.2,11.87,0.940325,634199273,1.55086E+13,585580500,1.39627E+13,48618773,1.54588E+12
2022-08-12,VNINDEX,1250.66,1262.33,1248.65,1262.33,10.26,0.819443,542036380,1.30571E+13,508817800,1.21084E+13,33218580,9.4866E+11
2022-08-11,VNINDEX,1267.37,1268.03,1245.85,1252.07,-4.43,-0.352567,810553640,1.8777E+13,765336500,1.72576E+13,45217140,1.51939E+12
2022-08-10,VNINDEX,1255.69,1260.36,1253.89,1256.5,-2.35,-0.186678,651757132,1.43928E+13,584384800,1.26929E+13,67372332,1.69982E+12
2022-08-09,VNINDEX,1260.36,1263.14,1252.84,1258.85,2.1,0.167098,721636388,1.59682E+13,655262300,1.42597E+13,66374088,1.70845E+12
2022-08-08,VNINDEX,1252.36,1258.84,1252.04,1256.75,4.01,0.320098,699342402,1.57999E+13,634015600,1.40729E+13,65326802,1.72705E+12
2022-08-05,VNINDEX,1250.25,1253.75,1245.05,1252.74,-1.41,-0.112427,698639752,1.55628E+13,604391400,1.35299E+13,94248352,2.03289E+12
2022-08-04,VNINDEX,1252.49,1257.38,1247.38,1254.15,4.39,0.351267,724748664,1.70068E+13,655935800,1.51239E+13,68812864,1.88292E+12
2022-08-03,VNINDEX,1233.84,1250.2,1232.41,1249.76,8.14,0.655595,789514899,1.75678E+13,702358600,1.52651E+13,87156299,2.30268E+12
2022-08-02,VNINDEX,1230.31,1241.91,1224.11,1241.62,10.27,0.834044,817689411,1.68865E+13,734388200,1.51764E+13,83301211,1.71012E+12
2022-08-01,VNINDEX,1209.05,1231.35,1206.46,1231.35,25.02,2.074059,708708592,1.61956E+13,681871300,1.52349E+13,26837292,9.60719E+11
2022-07-29,VNINDEX,1214.32,1217.84,1206.33,1206.33,-1.79,-0.148164,590317626,1.50346E+13,537058300,1.2916E+13,53259326,2.11853E+12
2022-07-28,VNINDEX,1201.77,1214.03,1198.68,1208.12,17.08,1.434041,668855185,1.53469E+13,620546700,1.39561E+13,48308485,1.39084E+12
2022-07-27,VNINDEX,1180.83,1191.04,1178.58,1191.04,5.97,0.503768,445143436,1.00238E+13,387799200,7.98824E+12,57344236,2.03559E+12
2022-07-26,VNINDEX,1189.2,1194.15,1184.44,1185.07,-3.43,-0.288599,434802305,9.44683E+12,388328300,8.06988E+12,46474005,1.37695E+12
2022-07-25,VNINDEX,1191.43,1198.16,1184.32,1188.5,-6.26,-0.523955,437845674,9.9281E+12,410066000,8.75991E+12,27779674,1.16819E+12
2022-07-22,VNINDEX,1199.16,1202.69,1194.76,1194.76,-3.71,-0.309561,477947632,1.0869E+13,448428100,9.78566E+12,29519532,1.08332E+12
2022-07-21,VNINDEX,1195.03,1201.91,1194.89,1198.47,4.33,0.362604,530311053,1.21193E+13,500949000,1.11109E+13,29362053,1.00844E+12
2022-07-20,VNINDEX,1188.12,1198.63,1185.82,1194.14,15.81,1.341729,648003308,1.41677E+13,601098600,1.29416E+13,46904708,1.22608E+12
2022-07-19,VNINDEX,1176.1,1180.46,1168.99,1178.33,1.84,0.156397,532684860,1.1262E+13,479006800,9.65247E+12,53678060,1.60955E+12
2022-07-18,VNINDEX,1184.74,1184.93,1174.7,1176.49,-2.76,-0.234047,523728315,1.12337E+13,480514500,1.00798E+13,43213815,1.15395E+12
2022-07-15,VNINDEX,1183.15,1189.66,1178.12,1179.25,-2.92,-0.247003,604014132,1.31164E+13,543854200,1.13791E+13,60159932,1.73731E+12
2022-07-14,VNINDEX,1170.7,1182.17,1170.04,1182.17,8.25,0.702774,534741861,1.09679E+13,490512400,9.91914E+12,44229461,1.04874E+12
2022-07-13,VNINDEX,1173.46,1182.21,1170.92,1173.92,-0.9,-0.076607,563998337,1.15455E+13,522379700,1.05334E+13,41618637,1.01207E+12
2022-07-12,VNINDEX,1154.31,1174.82,1153.55,1174.82,19.53,1.690485,525110173,1.06629E+13,475429100,9.29695E+12,49681073,1.36597E+12
2022-07-11,VNINDEX,1161.3,1165.6,1144.55,1155.29,-16.02,-1.367699,538713157,1.14451E+13,488732000,1.01487E+13,49981157,1.29649E+12
2022-07-08,VNINDEX,1174.53,1177.18,1164.23,1171.31,4.83,0.414066,476371868,1.0424E+13,437189300,9.34887E+12,39182568,1.07512E+12
2022-07-07,VNINDEX,1148.97,1166.48,1142.8,1166.48,16.87,1.467454,411791070,9.06163E+12,362816600,7.75951E+12,48974470,1.30212E+12
2022-07-06,VNINDEX,1167.25,1175.26,1147.63,1149.61,-31.68,-2.681814,556462728,1.25689E+13,511773800,1.10927E+13,44688928,1.47617E+12
2022-07-05,VNINDEX,1198.42,1200.99,1181.29,1181.29,-14.24,-1.191104,612002709,1.38066E+13,559493000,1.23792E+13,52509709,1.42745E+12
2022-07-04,VNINDEX,1206.47,1208.96,1192.63,1195.53,-3.37,-0.281091,442818959,1.00868E+13,403314600,8.92292E+12,39504359,1.1639E+12
2022-07-01,VNINDEX,1193.04,1202.41,1170.95,1198.9,1.3,0.10855,534064508,1.14188E+13,498479000,1.05259E+13,35585508,8.9286E+11
2022-06-30,VNINDEX,1218.22,1220.51,1197.6,1197.6,-20.49,-1.682142,510217412,1.13267E+13,471576000,1.02454E+13,38641412,1.08135E+12
2022-06-29,VNINDEX,1208.22,1219.58,1207.38,1218.09,-0.01,-0.000821,560588815,1.184E+13,519299900,1.04192E+13,41288915,1.42077E+12
2022-06-28,VNINDEX,1202.41,1221.74,1198.99,1218.1,15.28,1.270348,588386089,1.44257E+13,534186600,1.25208E+13,54199489,1.90496E+12
2022-06-27,VNINDEX,1189.12,1203.51,1187.38,1202.82,17.34,1.462699,526954723,1.23153E+13,429735700,9.7577E+12,97219023,2.5576E+12
2022-06-24,VNINDEX,1190.82,1196.85,1185.48,1185.48,-3.4,-0.285983,478685295,1.018E+13,410876800,8.47518E+12,67808495,1.70478E+12
2022-06-23,VNINDEX,1162.06,1188.88,1162.06,1188.88,19.61,1.677115,440781740,1.01595E+13,380442900,8.71286E+12,60338840,1.44667E+12
2022-06-22,VNINDEX,1180.11,1185.86,1162.98,1169.27,-3.2,-0.272928,592476031,1.33146E+13,529135300,1.19133E+13,63340731,1.4013E+12
2022-06-21,VNINDEX,1172.98,1189.97,1162.94,1172.47,-7.93,-0.671806,694932235,1.5769E+13,607711900,1.35863E+13,87220335,2.1827E+12
2022-06-20,VNINDEX,1218.37,1221.6,1180.4,1180.4,-36.9,-3.031299,669545030,1.54395E+13,620002900,1.40236E+13,49542130,1.4159E+12
2022-06-17,VNINDEX,1210.5,1220.41,1191.92,1217.3,-19.33,-1.563119,738577752,1.73337E+13,684022500,1.56507E+13,54555252,1.68301E+12
2022-06-16,VNINDEX,1227.24,1246.32,1223,1236.63,22.7,1.86996,561693405,1.47492E+13,522295400,1.38163E+13,39398005,9.32988E+11
2022-06-15,VNINDEX,1231.23,1235.56,1195.19,1213.93,-16.38,-1.331372,688119659,1.64665E+13,626914600,1.4784E+13,61205059,1.68254E+12
2022-06-14,VNINDEX,1213.44,1239.36,1211.13,1230.31,3.27,0.266495,560885130,1.45158E+13,519177100,1.31418E+13,41708030,1.37406E+12
2022-06-13,VNINDEX,1251.08,1261.54,1226.01,1227.04,-57.04,-4.442091,733451730,1.85233E+13,709415500,1.77659E+13,24036230,7.57402E+11
2022-06-10,VNINDEX,1298.78,1309.59,1284.08,1284.08,-23.72,-1.813733,603294320,1.69572E+13,561068400,1.55259E+13,42225920,1.43132E+12
2022-06-09,VNINDEX,1310.35,1312.44,1300.85,1307.8,-0.11,-0.00841,465657985,1.26802E+13,436340700,1.18764E+13,29317285,8.03837E+11
2022-06-08,VNINDEX,1297.56,1316.78,1294.27,1307.91,16.56,1.282379,584570959,1.67567E+13,543305900,1.56775E+13,41265059,1.07919E+12
2022-06-07,VNINDEX,1285.07,1291.35,1260.92,1291.35,1.34,0.103875,670865494,1.7835E+13,625987600,1.64604E+13,44877894,1.37459E+12
2022-06-06,VNINDEX,1290.04,1302.14,1281.95,1290.01,2.03,0.157611,589884869,1.69421E+13,541562900,1.5299E+13,48321969,1.64307E+12
2022-06-03,VNINDEX,1284.62,1292.78,1276.37,1287.98,-0.64,-0.049666,473812552,1.29124E+13,430601700,1.17121E+13,43210852,1.20027E+12
2022-06-02,VNINDEX,1300.58,1302.66,1283.32,1288.62,-10.9,-0.838771,572548673,1.64639E+13,527625000,1.47815E+13,44923673,1.68235E+12
2022-06-01,VNINDEX,1289.56,1302.25,1286.01,1299.52,6.84,0.529133,573626950,1.60492E+13,505619500,1.38554E+13,68007450,2.19379E+12
2022-05-31,VNINDEX,1288.63,1297.64,1280.44,1292.68,-1.24,-0.095833,591086248,1.61084E+13,543596100,1.42873E+13,47490148,1.82112E+12
2022-05-30,VNINDEX,1290.11,1296.22,1281.27,1293.92,8.47,0.658913,587227695,1.64962E+13,499452600,1.27578E+13,87775095,3.73845E+12
2022-05-27,VNINDEX,1270.56,1286.99,1269.29,1285.45,16.88,1.330632,607222200,1.60912E+13,578174500,1.5105E+13,29047700,9.86112E+11
2022-05-26,VNINDEX,1273.8,1278.11,1261.55,1268.57,0.14,0.011037,541907363,1.3766E+13,514352700,1.29911E+13,27554663,7.74866E+11
2022-05-25,VNINDEX,1238.52,1268.43,1234.17,1268.43,35.05,2.841784,655242873,1.65742E+13,616951500,1.57757E+13,38291373,7.98535E+11
2022-05-24,VNINDEX,1218.87,1233.38,1203.28,1233.38,14.57,1.195428,528478597,1.34159E+13,479498700,1.20568E+13,48979897,1.35903E+12
2022-05-23,VNINDEX,1246.56,1246.58,1207.99,1218.81,-21.9,-1.765118,557426453,1.33326E+13,488979100,1.20353E+13,68447353,1.29733E+12
2022-05-20,VNINDEX,1240.72,1252.96,1232.33,1240.71,-0.93,-0.074901,504691537,1.246E+13,465793600,1.15265E+13,38897937,9.33515E+11
2022-05-19,VNINDEX,1211.31,1246.66,1210.43,1241.64,0.88,0.070924,496732680,1.27949E+13,459858400,1.16275E+13,36874280,1.16743E+12
2022-05-18,VNINDEX,1240.06,1249.84,1222.92,1240.76,12.39,1.008654,566363565,1.38405E+13,514538800,1.29674E+13,51824765,8.73054E+11
2022-05-17,VNINDEX,1164.32,1228.37,1156.54,1228.37,56.42,4.814199,583955805,1.42973E+13,542868100,1.32604E+13,41087705,1.03684E+12
2022-05-16,VNINDEX,1208.05,1215.96,1170.59,1171.95,-10.82,-0.914802,584388589,1.45779E+13,551353400,1.37534E+13,33035189,8.24558E+11
2022-05-13,VNINDEX,1235.03,1237.8,1180.6,1182.77,-56.07,-4.526008,816985543,2.03658E+13,736096200,1.83888E+13,80889343,1.97701E+12
2022-05-12,VNINDEX,1290.4,1291.65,1238.05,1238.84,-62.69,-4.816639,557892302,1.57759E+13,516642600,1.4003E+13,41249702,1.77285E+12
2022-05-11,VNINDEX,1295.39,1305.17,1277.91,1301.53,7.97,0.616129,418232360,1.15198E+13,380880400,1.02936E+13,37351960,1.22622E+12
2022-05-10,VNINDEX,1240.93,1293.56,1232.57,1293.56,23.94,1.885604,665476883,1.77891E+13,600766800,1.6097E+13,64710083,1.69211E+12
2022-05-09,VNINDEX,1313.49,1314.52,1265.54,1269.62,-59.64,-4.486707,673760714,1.87683E+13,627609200,1.71434E+13,46151514,1.62486E+12
2022-05-06,VNINDEX,1333.55,1353.48,1328.13,1329.26,-31.42,-2.30914,564072624,1.70011E+13,510678900,1.47922E+13,53393724,2.20892E+12
2022-05-05,VNINDEX,1361.62,1362.18,1331.41,1360.68,12,0.889759,531075073,1.5361E+13,510234300,1.44306E+13,20840773,9.30387E+11
2022-05-04,VNINDEX,1366.11,1366.39,1348.68,1348.68,-18.12,-1.325724,528291808,1.44546E+13,498884800,1.34909E+13,29407008,9.6372E+11
2022-04-29,VNINDEX,1347.08,1369.31,1343.24,1366.8,15.81,1.170253,598401937,1.87674E+13,532838100,1.54193E+13,65563837,3.34816E+12
2022-04-28,VNINDEX,1353.71,1358.07,1344.1,1350.99,-2.78,-0.205352,485123186,1.33087E+13,458334600,1.22612E+13,26788586,1.04758E+12
2022-04-27,VNINDEX,1340.07,1355.92,1314.81,1353.77,12.43,0.926685,519955426,1.45875E+13,485406800,1.30179E+13,34548626,1.56966E+12
2022-04-26,VNINDEX,1285.4,1341.34,1261.4,1341.34,30.42,2.320508,727648320,2.10042E+13,673169600,1.92024E+13,54478720,1.80179E+12
2022-04-25,VNINDEX,1377.75,1382.13,1298.38,1310.92,-68.31,-4.952763,762880158,2.19452E+13,696873600,1.9576E+13,66006558,2.36926E+12
2022-04-22,VNINDEX,1378.28,1392.89,1352.43,1379.23,9.02,0.658293,834411800,2.47902E+13,799750600,2.29921E+13,34661200,1.79814E+12
2022-04-21,VNINDEX,1369.8,1392.33,1356.58,1370.21,-14.51,-1.047865,810673733,2.37873E+13,741348500,2.19814E+13,69325233,1.80593E+12
2022-04-20,VNINDEX,1401.63,1410.64,1384.72,1384.72,-21.73,-1.545025,688324592,2.05122E+13,652803300,1.94121E+13,35521292,1.10014E+12
2022-04-19,VNINDEX,1435.78,1442.04,1406.45,1406.45,-26.15,-1.825353,702352038,2.26565E+13,666337000,2.08963E+13,36015038,1.76018E+12
2022-04-18,VNINDEX,1456.47,1456.47,1425.07,1432.6,-25.96,-1.779838,827688935,2.60485E+13,790646000,2.4739E+13,37042935,1.30954E+12
2022-04-15,VNINDEX,1470.53,1478.95,1456.39,1458.56,-13.56,-0.921121,659471186,2.16562E+13,639722900,2.08308E+13,19748286,8.25455E+11
2022-04-14,VNINDEX,1481.5,1484.34,1471.75,1472.12,-5.08,-0.343894,523369795,1.85035E+13,498914000,1.72386E+13,24455795,1.26488E+12
2022-04-13,VNINDEX,1459.48,1477.2,1448.52,1477.2,21.95,1.508332,674791322,2.20626E+13,636344500,1.95859E+13,38446822,2.47676E+12
2022-04-12,VNINDEX,1487.86,1490.58,1455.25,1455.25,-26.75,-1.804993,680058267,2.12821E+13,656188800,2.01512E+13,23869467,1.13089E+12
2022-04-08,VNINDEX,1501.61,1507.73,1482,1482,-20.35,-1.354545,763561324,2.35518E+13,741103600,2.24769E+13,22457724,1.07496E+12
2022-04-07,VNINDEX,1524.12,1524.92,1502.35,1502.35,-20.55,-1.349399,795134470,2.71454E+13,763664700,2.53139E+13,31469770,1.83151E+12
2022-04-06,VNINDEX,1513.17,1523.75,1507.62,1522.9,2.87,0.188812,944039697,3.00167E+13,912695000,2.87076E+13,31344697,1.30908E+12
2022-04-05,VNINDEX,1521.37,1527.57,1519.28,1520.03,-4.67,-0.30629,703528600,2.18101E+13,663110500,2.05689E+13,40418100,1.24116E+12
2022-04-04,VNINDEX,1530.02,1530.95,1522.82,1524.7,8.26,0.544697,779577436,2.67514E+13,734587100,2.53216E+13,44990336,1.42988E+12
2022-04-01,VNINDEX,1489.47,1516.87,1484.13,1516.44,24.29,1.627852,967672935,2.6699E+13,881661100,2.47725E+13,86011835,1.92658E+12
2022-03-31,VNINDEX,1492.5,1498.41,1488.27,1492.15,1.64,0.110029,684539320,2.18039E+13,633286300,2.00035E+13,51253020,1.80035E+12
2022-03-30,VNINDEX,1492.15,1503.89,1483.9,1490.51,-7.25,-0.484056,901485300,2.86825E+13,880911900,2.78056E+13,20573400,8.7687E+11
2022-03-29,VNINDEX,1485.22,1498.45,1485.22,1497.76,14.58,0.983023,737941908,2.3487E+13,687922600,2.16953E+13,50019308,1.79171E+12
2022-03-28,VNINDEX,1490.44,1496.79,1473.8,1483.18,-15.32,-1.022356,1065488443,3.28801E+13,988984900,3.04917E+13,76503543,2.38836E+12
2022-03-25,VNINDEX,1500.17,1503.29,1494.55,1498.5,0.24,0.016019,768935878,2.45354E+13,724086800,2.26641E+13,44849078,1.87125E+12
2022-03-24,VNINDEX,1504.3,1505.39,1495.18,1498.26,-4.08,-0.271576,784913131,2.48335E+13,753772900,2.36537E+13,31140231,1.17976E+12
2022-03-23,VNINDEX,1505.76,1513.9,1501.67,1502.34,-1.44,-0.095759,861130432,2.80379E+13,788727300,2.43785E+13,72403132,3.65943E+12
2022-03-22,VNINDEX,1500.08,1507.71,1498.48,1503.78,8.83,0.590655,947696665,2.84861E+13,905037000,2.67131E+13,42659665,1.77293E+12
2022-03-21,VNINDEX,1474.78,1494.95,1474.38,1494.95,25.85,1.759581,792156814,2.42249E+13,727377200,2.19095E+13,64779614,2.31533E+12
2022-03-18,VNINDEX,1466.14,1474.86,1465.57,1469.1,7.76,0.531019,795724560,2.42277E+13,745610800,2.2303E+13,50113760,1.92471E+12
2022-03-17,VNINDEX,1466.56,1467.74,1459.14,1461.34,2.01,0.137734,717437108,2.13908E+13,683175800,1.96972E+13,34261308,1.69366E+12
2022-03-16,VNINDEX,1459.97,1462.98,1453.91,1459.33,6.59,0.453626,624217642,1.87437E+13,544662700,1.64585E+13,79554942,2.28521E+12
2022-03-15,VNINDEX,1445.05,1453.07,1437.27,1452.74,6.49,0.448747,675628067,2.18005E+13,641644500,2.04586E+13,33983567,1.34195E+12
2022-03-14,VNINDEX,1459.28,1461.06,1439.19,1446.25,-20.29,-1.383529,858564601,2.7197E+13,815892100,2.56154E+13,42672501,1.58154E+12
2022-03-11,VNINDEX,1478.23,1480.29,1458.88,1466.54,-12.54,-0.847824,878192331,2.76547E+13,855643700,2.68515E+13,22548631,8.03222E+11
2022-03-10,VNINDEX,1476.76,1488.59,1476.76,1479.08,5.34,0.362343,649939597,2.11757E+13,629092200,2.03863E+13,20847397,7.89363E+11
2022-03-09,VNINDEX,1478.16,1482.86,1462.8,1473.74,0.03,0.002036,930300946,3.05182E+13,888352600,2.89325E+13,41948346,1.58577E+12
2022-03-08,VNINDEX,1487.37,1495.97,1473.71,1473.71,-25.34,-1.690404,1037517913,3.45181E+13,982168800,3.22327E+13,55349113,2.28542E+12
2022-03-07,VNINDEX,1500.65,1505.32,1493.87,1499.05,-6.28,-0.417184,981720621,3.14372E+13,941752700,2.9794E+13,39967921,1.64315E+12
2022-03-04,VNINDEX,1506.79,1509.19,1501.39,1505.33,0.33,0.021927,928921390,2.95809E+13,873323700,2.76032E+13,55597690,1.97764E+12
2022-03-03,VNINDEX,1492.42,1505,1487.69,1505,19.48,1.311325,929212388,3.0163E+13,902783400,2.91364E+13,26428988,1.02658E+12
2022-03-02,VNINDEX,1499.37,1500.41,1479.55,1485.52,-13.26,-0.88472,941553530,3.03266E+13,914957200,2.93315E+13,26596330,9.95071E+11
2022-03-01,VNINDEX,1493.41,1501.73,1491.48,1498.78,8.65,0.580486,842431582,2.63125E+13,796368600,2.48436E+13,46062982,1.46889E+12
2022-02-28,VNINDEX,1499.31,1502.36,1487.57,1490.13,-8.76,-0.584432,729793825,2.35805E+13,693212400,2.26078E+13,36581425,9.72705E+11
2022-02-25,VNINDEX,1504.37,1512.05,1498.89,1498.89,4.04,0.270261,768009710,2.56213E+13,736050400,2.45954E+13,31959310,1.02586E+12
2022-02-24,VNINDEX,1511.84,1513.25,1473.76,1494.85,-17.45,-1.153872,1159943184,3.50204E+13,1133051100,3.40648E+13,26892084,9.55686E+11
2022-02-23,VNINDEX,1509.42,1520.78,1507.37,1512.3,8.83,0.587308,694654250,2.23944E+13,660165300,2.13761E+13,34488950,1.01822E+12
2022-02-22,VNINDEX,1497.46,1506.38,1484.81,1503.47,-7.37,-0.487808,908054288,2.82371E+13,875383700,2.69709E+13,32670588,1.2662E+12
2022-02-21,VNINDEX,1504.96,1516.63,1500.97,1510.84,6,0.398713,791918506,2.3421E+13,737693400,2.20046E+13,54225106,1.41638E+12
2022-02-18,VNINDEX,1494.3,1507.29,1492.38,1504.84,-3.15,-0.208887,697545700,2.20262E+13,672537800,2.1105E+13,25007900,9.21286E+11
2022-02-17,VNINDEX,1492.56,1507.99,1492.49,1507.99,15.89,1.064942,615793550,1.94631E+13,588111300,1.834E+13,27682250,1.12311E+12
2022-02-16,VNINDEX,1499.03,1499.5,1486.68,1492.1,-0.65,-0.043544,702521711,2.00462E+13,617187300,1.77285E+13,85334411,2.3177E+12
2022-02-15,VNINDEX,1473.92,1495.56,1470.06,1492.75,20.79,1.412403,606422900,1.91711E+13,572156100,1.74855E+13,34266800,1.68563E+12
2022-02-14,VNINDEX,1485.75,1495.99,1471.96,1471.96,-29.75,-1.981075,810715804,2.59209E+13,751563900,2.38281E+13,59151904,2.0928E+12
2022-02-11,VNINDEX,1503.37,1508.54,1499.06,1501.71,-5.08,-0.337141,636284170,2.16198E+13,577407200,1.80613E+13,58876970,3.55849E+12
2022-02-10,VNINDEX,1510.66,1512.88,1495.7,1506.79,1.41,0.093664,680249790,2.19462E+13,628938000,2.01156E+13,51311790,1.83057E+12
2022-02-09,VNINDEX,1500.78,1511.72,1499.53,1505.38,4.39,0.292474,794737711,2.52374E+13,754188100,2.36511E+13,40549611,1.58631E+12
2022-02-08,VNINDEX,1496.53,1503.33,1491.78,1500.99,3.33,0.222347,734760607,2.25562E+13,697228100,2.11104E+13,37532507,1.44582E+12
2022-02-07,VNINDEX,1499.27,1505.69,1493.89,1497.66,18.7,1.264402,578171565,1.80539E+13,551698200,1.71525E+13,26473365,9.01366E+11
2022-01-28,VNINDEX,1469.54,1484.48,1465.22,1478.96,8.2,0.557535,702682479,2.0662E+13,663924300,1.91719E+13,38758179,1.49005E+12
2022-01-27,VNINDEX,1477.15,1486.39,1464.06,1470.76,-10.82,-0.730301,564596240,1.67744E+13,522667600,1.55764E+13,41928640,1.19793E+12
2022-01-26,VNINDEX,1484.73,1490.45,1478.41,1481.58,2,0.135173,813176232,2.35024E+13,767576600,2.1929E+13,45599632,1.57348E+12
2022-01-25,VNINDEX,1431.51,1479.58,1424.36,1479.58,39.87,2.769308,751388350,2.22123E+13,706092300,2.04615E+13,45296050,1.75084E+12
2022-01-24,VNINDEX,1465.94,1467.99,1432.18,1439.71,-33.18,-2.252714,828129869,2.47874E+13,796675500,2.35071E+13,31454369,1.28027E+12
2022-01-21,VNINDEX,1471.9,1477.23,1463.06,1472.89,7.59,0.517983,811346348,2.2982E+13,784569900,2.16953E+13,26776448,1.28673E+12
2022-01-20,VNINDEX,1438.98,1469.08,1432.58,1465.3,22.51,1.560172,785761705,2.24339E+13,762449400,2.12478E+13,23312305,1.1861E+12
2022-01-19,VNINDEX,1438.95,1449.11,1434.46,1442.79,3.85,0.267558,637630549,2.29859E+13,557995700,1.62142E+13,79634849,6.77179E+12
2022-01-18,VNINDEX,1439.29,1452.14,1424.65,1438.94,-13.9,-0.956747,739291705,2.29632E+13,691087800,2.10557E+13,48203905,1.90759E+12
2022-01-17,VNINDEX,1498.83,1503.86,1452.84,1452.84,-43.18,-2.886325,987100239,3.12446E+13,926487900,2.91989E+13,60612339,2.04569E+12
2022-01-14,VNINDEX,1486.91,1503.25,1476.68,1496.02,-0.03,-0.002005,785612566,2.28674E+13,734088500,2.09533E+13,51524066,1.91417E+12
2022-01-13,VNINDEX,1512.9,1522.6,1495.13,1496.05,-14.46,-0.957293,995817909,3.08451E+13,977115800,2.95156E+13,18702109,1.32953E+12
2022-01-12,VNINDEX,1489.11,1510.51,1464.49,1510.51,18.2,1.219586,1130818649,3.5709E+13,1104610300,3.46098E+13,26208349,1.09917E+12
2022-01-11,VNINDEX,1505.04,1512.05,1488.4,1492.31,-11.4,-0.758125,1251472359,3.59443E+13,1219558100,3.46284E+13,31914259,1.31591E+12
2022-01-10,VNINDEX,1528.74,1536.45,1503.71,1503.71,-24.77,-1.620564,1381115926,4.18133E+13,1315951200,3.87855E+13,65164726,3.02784E+12
2022-01-07,VNINDEX,1534.1,1534.52,1524.96,1528.48,-0.09,-0.005888,1027120263,3.18998E+13,951525400,2.9181E+13,75594863,2.7188E+12
2022-01-06,VNINDEX,1519.72,1536.24,1518.18,1528.57,6.07,0.398686,1133722770,3.53944E+13,1087239800,3.30296E+13,46482970,2.36484E+12
2022-01-05,VNINDEX,1529.06,1535.82,1522.5,1522.5,-3.08,-0.20189,1058452445,3.29557E+13,987023800,3.0618E+13,71428645,2.33765E+12
2022-01-04,VNINDEX,1508.55,1526.69,1507.19,1525.58,27.3,1.822089,891296929,2.86165E+13,839676500,2.64677E+13,51620429,2.14873E+12
2021-12-31,VNINDEX,1490.17,1499.07,1489.71,1498.28,12.31,0.828415,875730157,2.60965E+13,846534300,2.4551E+13,29195857,1.5455E+12
2021-12-30,VNINDEX,1490.96,1493.38,1484.82,1485.97,0.15,0.010095,747860796,2.20293E+13,724365200,2.11002E+13,23495596,9.29151E+11
2021-12-29,VNINDEX,1497.86,1498.91,1485.82,1485.82,-8.57,-0.573478,843880193,2.54971E+13,793769800,2.3239E+13,50110393,2.25813E+12
2021-12-28,VNINDEX,1494.9,1499.77,1483.97,1494.39,5.51,0.370077,1003435082,2.91192E+13,933584700,2.66153E+13,69850382,2.50387E+12
2021-12-27,VNINDEX,1483.64,1490.12,1469.91,1488.88,11.85,0.802286,752108132,2.20848E+13,715824500,2.043E+13,36283632,1.65481E+12
2021-12-24,VNINDEX,1463.1,1478.8,1456.32,1477.03,20.07,1.377526,889477822,2.54435E+13,855008900,2.40445E+13,34468922,1.3991E+12
2021-12-23,VNINDEX,1479.46,1481.21,1447.14,1456.96,-20.71,-1.401531,1360820820,4.55621E+13,1266412300,3.79029E+13,94408520,7.65915E+12
2021-12-22,VNINDEX,1484.9,1489.24,1471.84,1477.67,-1.07,-0.072359,1069404879,3.36274E+13,1031093800,3.16788E+13,38311079,1.94856E+12
2021-12-21,VNINDEX,1474.87,1486.09,1472.43,1478.74,1.41,0.095442,902842646,2.867E+13,866421100,2.68337E+13,36421546,1.83627E+12
2021-12-20,VNINDEX,1483.85,1483.85,1468.88,1477.33,-2.46,-0.16624,963352356,2.89417E+13,906869900,2.65301E+13,56482456,2.41158E+12
2021-12-17,VNINDEX,1481.76,1487.73,1479.79,1479.79,3.18,0.215358,1114654780,3.4461E+13,1065320100,3.19878E+13,49334680,2.47323E+12
2021-12-16,VNINDEX,1481.85,1482.32,1468.95,1476.61,1.11,0.075229,927543722,2.69728E+13,889612700,2.51389E+13,37931022,1.83388E+12
2021-12-15,VNINDEX,1476.5,1481.67,1468.21,1475.5,-0.52,-0.03523,906078231,2.59164E+13,861484300,2.34623E+13,44593931,2.45408E+12
2021-12-14,VNINDEX,1476.82,1485.14,1469.21,1476.02,-0.19,-0.012871,964112610,2.76533E+13,914795700,2.52229E+13,49316910,2.43041E+12
2021-12-13,VNINDEX,1471.96,1481.7,1470.08,1476.21,12.67,0.865709,865576229,2.59033E+13,815155200,2.35701E+13,50421029,2.33321E+12
2021-12-10,VNINDEX,1469.83,1475.85,1461.78,1463.54,-4.44,-0.302456,798293506,2.30113E+13,780120100,2.20915E+13,18173406,9.198E+11
2021-12-09,VNINDEX,1447.59,1467.98,1446.88,1467.98,15.11,1.04001,665456219,1.95152E+13,631261500,1.79495E+13,34194719,1.56577E+12
2021-12-08,VNINDEX,1451.94,1460.28,1447.88,1452.87,6.1,0.421629,771026551,2.16112E+13,732009400,2.00517E+13,39017151,1.55942E+12
2021-12-07,VNINDEX,1426.88,1446.77,1421.6,1446.77,33.19,2.347939,755904623,2.16883E+13,691695900,1.97194E+13,64208723,1.96894E+12
2021-12-06,VNINDEX,1446.28,1452.55,1400.87,1413.58,-29.74,-2.060527,1038157036,3.13867E+13,1013743700,3.00775E+13,24413336,1.30918E+12
2021-12-03,VNINDEX,1489.54,1491.2,1443.32,1443.32,-38.73,-2.613272,1096303123,3.28641E+13,1034480600,3.06528E+13,61822523,2.21132E+12
2021-12-02,VNINDEX,1489.12,1493.84,1482.05,1482.05,-3.14,-0.211421,763954615,2.30022E+13,745629400,2.20548E+13,18325215,9.47419E+11
2021-12-01,VNINDEX,1477.85,1487.68,1471.3,1485.19,6.75,0.456562,876732002,2.65934E+13,837551800,2.47877E+13,39180202,1.8057E+12
2021-11-30,VNINDEX,1500.24,1503.09,1471.57,1478.44,-6.4,-0.431023,1084948409,3.44179E+13,1049366600,3.2756E+13,35581809,1.66181E+12
2021-11-29,VNINDEX,1464.83,1488.93,1464.83,1484.84,-8.19,-0.548549,1012516709,3.1592E+13,983072000,3.00333E+13,29444709,1.55872E+12
2021-11-26,VNINDEX,1506.69,1511.68,1488.83,1493.03,-7.78,-0.518387,1060467059,3.54145E+13,1006637100,3.27942E+13,53829959,2.62031E+12
2021-11-25,VNINDEX,1496.41,1505.36,1490.32,1500.81,11.94,0.80195,1014179042,3.17999E+13,953098400,2.91881E+13,61080642,2.61178E+12
2021-11-24,VNINDEX,1470.66,1491.05,1467.29,1488.87,25.24,1.72448,1116907735,3.58687E+13,1073235900,3.3763E+13,43671835,2.10572E+12
2021-11-23,VNINDEX,1442.66,1463.63,1438.41,1463.63,16.38,1.131802,880068167,2.62272E+13,839875300,2.42202E+13,40192867,2.00704E+12
2021-11-22,VNINDEX,1452.3,1466.46,1442.85,1447.25,-5.1,-0.351155,1269016063,3.65761E+13,1209419000,3.42645E+13,59597063,2.31161E+12
2021-11-19,VNINDEX,1474.11,1481.53,1434.69,1452.35,-17.48,-1.189253,1522741123,4.48025E+13,1490882800,4.32633E+13,31858323,1.53924E+12
2021-11-18,VNINDEX,1479.39,1482.87,1469.83,1469.83,-6.02,-0.407901,1090650125,3.49255E+13,1052200900,3.29447E+13,38449225,1.98078E+12
2021-11-17,VNINDEX,1467.08,1477.04,1464.78,1475.85,9.4,0.641004,860799789,2.60677E+13,828629100,2.44507E+13,32170689,1.61698E+12
2021-11-16,VNINDEX,1472.83,1476.97,1459.08,1466.45,-10.12,-0.685372,1223835038,3.48301E+13,1157402400,3.17952E+13,66432638,3.03492E+12
2021-11-15,VNINDEX,1481.75,1481.96,1466.01,1476.57,3.2,0.217189,1174091099,3.40456E+13,1146225600,3.27378E+13,27865499,1.30785E+12
2021-11-12,VNINDEX,1464.2,1474.98,1453.22,1473.37,11.02,0.753582,955626793,2.65257E+13,909366000,2.45924E+13,46260793,1.9333E+12
2021-11-11,VNINDEX,1469.22,1472.89,1449.18,1462.35,-2.67,-0.18225,1265480252,3.81348E+13,1206887000,3.58474E+13,58593252,2.28733E+12
2021-11-10,VNINDEX,1465.1,1470.19,1457.98,1465.02,3.52,0.240848,985538325,2.97424E+13,955160600,2.84058E+13,30377725,1.33655E+12
2021-11-09,VNINDEX,1469.94,1474.2,1457.57,1461.5,-6.07,-0.413609,1030268558,2.99877E+13,1003649300,2.8531E+13,26619258,1.4567E+12
2021-11-08,VNINDEX,1461.61,1470.49,1456.9,1467.57,11.06,0.759349,1075456706,3.14391E+13,1006323900,2.87975E+13,69132806,2.64155E+12
2021-11-05,VNINDEX,1450.71,1459.93,1444.51,1456.51,8.17,0.564094,874070856,2.61407E+13,844497200,2.481E+13,29573656,1.33066E+12
2021-11-04,VNINDEX,1442.89,1451.98,1435.84,1448.34,4.04,0.27972,929526879,2.78726E+13,890357900,2.64862E+13,39168979,1.38636E+12
2021-11-03,VNINDEX,1459.05,1463.63,1440.67,1444.3,-8.16,-0.561805,1505103001,4.32089E+13,1455441700,4.11559E+13,49661301,2.05296E+12
2021-11-02,VNINDEX,1439.61,1452.46,1438.83,1452.46,13.49,0.937476,1009457944,2.88517E+13,972155400,2.69985E+13,37302544,1.85324E+12
2021-11-01,VNINDEX,1449.32,1451.81,1435.57,1438.97,-5.3,-0.366967,1132355594,3.37008E+13,1092936400,3.18449E+13,39419194,1.85595E+12
2021-10-29,VNINDEX,1439.27,1447.62,1432.19,1444.27,6.26,0.435324,982012981,2.88799E+13,946189100,2.7618E+13,35823881,1.26188E+12
2021-10-28,VNINDEX,1427.89,1440.64,1420.42,1438.01,14.99,1.053393,865428358,2.61865E+13,826726500,2.45384E+13,38701858,1.64804E+12
2021-10-27,VNINDEX,1397.51,1423.02,1395.83,1423.02,31.39,2.255628,936215641,2.8379E+13,861686700,2.53928E+13,74528941,2.98618E+12
2021-10-26,VNINDEX,1384.12,1393.03,1377.56,1391.63,6.23,0.44969,747953042,2.10276E+13,703571700,1.95348E+13,44381342,1.49276E+12
2021-10-25,VNINDEX,1395.45,1395.72,1385.4,1385.4,-3.84,-0.27641,899256607,2.70985E+13,868073700,2.53992E+13,31182907,1.69924E+12
2021-10-22,VNINDEX,1388.66,1393.7,1385.53,1389.24,4.47,0.322797,798130096,2.15606E+13,746799700,1.98852E+13,51330396,1.67547E+12
2021-10-21,VNINDEX,1397.59,1398.45,1384.77,1384.77,-9.03,-0.647869,709066538,2.10142E+13,681412600,1.99875E+13,27653938,1.02673E+12
2021-10-20,VNINDEX,1398.45,1401.76,1376.15,1393.8,-1.53,-0.109651,845890585,2.37804E+13,804215000,2.22033E+13,41675585,1.57712E+12
2021-10-19,VNINDEX,1396.07,1399.66,1388.95,1395.33,-0.2,-0.014331,639434845,2.03442E+13,605953600,1.84406E+13,33481245,1.90364E+12
2021-10-18,VNINDEX,1395.57,1402.63,1390.88,1395.53,2.83,0.203202,795914692,2.36526E+13,764032400,2.24538E+13,31882292,1.19874E+12
2021-10-15,VNINDEX,1395.81,1399.03,1388,1392.7,0.85,0.06107,784555061,2.20931E+13,743666800,2.05117E+13,40888261,1.58134E+12
2021-10-14,VNINDEX,1392.88,1398.67,1388.89,1391.85,-0.06,-0.004311,725510981,2.21123E+13,690243000,2.06903E+13,35267981,1.42206E+12
2021-10-13,VNINDEX,1398.21,1400.67,1389.61,1391.91,-2.89,-0.207198,645348558,1.87885E+13,608348500,1.75043E+13,37000058,1.28414E+12
2021-10-12,VNINDEX,1398.03,1400.78,1389.43,1394.8,0.71,0.050929,742805129,2.2192E+13,707870000,2.02832E+13,34935129,1.9088E+12
2021-10-11,VNINDEX,1377.53,1394.64,1377.3,1394.09,21.36,1.556023,764352327,2.27912E+13,721458300,2.08865E+13,42894027,1.90471E+12
2021-10-08,VNINDEX,1369.14,1373.18,1365.93,1372.73,6.74,0.493415,632858613,1.79585E+13,603842600,1.6878E+13,29016013,1.08045E+12
2021-10-07,VNINDEX,1365.54,1367.64,1360.57,1365.99,3.17,0.232606,693029125,1.99264E+13,658670400,1.86545E+13,34358725,1.27195E+12
2021-10-06,VNINDEX,1359.63,1362.82,1355,1362.82,8.19,0.604593,636997547,1.94366E+13,594012900,1.73859E+13,42984647,2.05077E+12
2021-10-05,VNINDEX,1345.43,1354.63,1343.48,1354.63,15.09,1.126506,636267312,1.93059E+13,576701100,1.67201E+13,59566212,2.58582E+12
2021-10-04,VNINDEX,1337.74,1347.49,1333.53,1339.54,4.65,0.348343,736080360,2.2881E+13,700605800,2.13358E+13,35474560,1.54521E+12
2021-10-01,VNINDEX,1339.68,1344.06,1332.97,1334.89,-7.17,-0.534253,738173557,2.33033E+13,601963900,1.81947E+13,136209657,5.10856E+12
2021-09-30,VNINDEX,1341.83,1348.89,1341.15,1342.06,2.85,0.212812,476912516,1.51859E+13,438294600,1.32156E+13,38617916,1.97031E+12
2021-09-29,VNINDEX,1338.8,1340.9,1328.17,1339.21,-0.1,-0.007467,598500652,1.72357E+13,559164300,1.52208E+13,39336352,2.01489E+12
2021-09-28,VNINDEX,1319.53,1341.81,1316.41,1339.31,14.32,1.080763,623510017,1.83671E+13,584057900,1.62114E+13,39452117,2.15564E+12
2021-09-27,VNINDEX,1353.39,1354.38,1324.99,1324.99,-26.18,-1.93758,778441500,2.17875E+13,720860100,1.94597E+13,57581400,2.3278E+12
2021-09-24,VNINDEX,1354.84,1356.97,1348.07,1351.17,-1.59,-0.117537,673103663,1.83311E+13,627564000,1.67239E+13,45539663,1.60724E+12
2021-09-23,VNINDEX,1357.65,1361.09,1350.43,1352.76,2.08,0.153997,997614231,2.33045E+13,961252500,2.17705E+13,36361731,1.53394E+12
2021-09-22,VNINDEX,1343.89,1350.71,1336.63,1350.68,10.84,0.809052,779651676,1.89767E+13,727734800,1.72913E+13,51916876,1.68534E+12
2021-09-21,VNINDEX,1335.96,1346.32,1324.82,1339.84,-10.64,-0.787868,859676427,2.34324E+13,816979400,2.1949E+13,42697027,1.48344E+12
2021-09-20,VNINDEX,1361.12,1365.92,1349.18,1350.48,-2.16,-0.159688,895455107,2.4533E+13,852479800,2.2927E+13,42975307,1.60603E+12
2021-09-17,VNINDEX,1347.66,1356.45,1347.13,1352.64,6.77,0.50302,852780673,2.59442E+13,813151300,2.36958E+13,39629373,2.24845E+12
2021-09-16,VNINDEX,1351.85,1353.12,1341.23,1345.87,0.04,0.002972,599771454,1.82032E+13,570520600,1.67654E+13,29250854,1.43776E+12
2021-09-15,VNINDEX,1338.11,1347.7,1334.97,1345.83,6.13,0.457565,692092703,1.9191E+13,645625800,1.70859E+13,46466903,2.10508E+12
2021-09-14,VNINDEX,1343.38,1349.13,1336.84,1339.7,-1.73,-0.128967,730452891,1.9659E+13,692214900,1.80062E+13,38237991,1.65277E+12
2021-09-13,VNINDEX,1348.07,1350.69,1340.5,1341.43,-3.88,-0.288409,775469272,2.31101E+13,744228400,2.16722E+13,31240872,1.43796E+12
2021-09-10,VNINDEX,1348.74,1350.43,1345.07,1345.31,1.33,0.09896,598724645,1.92372E+13,559050700,1.72181E+13,39673945,2.01912E+12
2021-09-09,VNINDEX,1333.62,1345.59,1332.67,1343.98,10.37,0.777589,642566874,1.9583E+13,593520900,1.79562E+13,49045974,1.62676E+12
2021-09-08,VNINDEX,1343.92,1344.49,1328.35,1333.61,-8.29,-0.617781,626074552,1.958E+13,596039700,1.84385E+13,30034852,1.14152E+12
2021-09-07,VNINDEX,1349.13,1353.66,1340.32,1341.9,-4.49,-0.333484,869378866,2.66599E+13,849578800,2.57326E+13,19800066,9.27335E+11
2021-09-06,VNINDEX,1340.71,1348.36,1339.8,1346.39,11.74,0.879631,944404672,2.82217E+13,889375400,2.65702E+13,55029272,1.65151E+12
2021-09-01,VNINDEX,1328.78,1338.02,1328.13,1334.65,3.18,0.238834,719955649,2.44955E+13,679730000,2.08976E+13,40225649,3.59793E+12
2021-08-31,VNINDEX,1332.61,1336.14,1325.69,1331.47,3.33,0.250727,733824821,2.28878E+13,712344100,2.17346E+13,21480721,1.15321E+12
2021-08-30,VNINDEX,1323.39,1329.62,1318.76,1328.14,14.94,1.137679,676541323,2.13929E+13,641161300,1.98096E+13,35380023,1.58327E+12
2021-08-27,VNINDEX,1293.98,1313.2,1285.16,1313.2,12.08,0.928431,685055617,2.14062E+13,658578200,2.01631E+13,26477417,1.24309E+12
2021-08-26,VNINDEX,1313.36,1316.26,1295.77,1301.12,-8.43,-0.643733,524291609,1.77634E+13,497853400,1.67101E+13,26438209,1.05334E+12
2021-08-25,VNINDEX,1300.74,1310.16,1291.7,1309.55,10.81,0.832345,522872560,1.67804E+13,481772400,1.51797E+13,41100160,1.60067E+12
2021-08-24,VNINDEX,1302.9,1307.56,1289.16,1298.74,-0.12,-0.009239,714265881,2.34328E+13,648543100,2.12151E+13,65722781,2.21765E+12
2021-08-23,VNINDEX,1322.71,1327.04,1298.86,1298.86,-30.57,-2.299482,795068928,2.58189E+13,768105500,2.47927E+13,26963428,1.02617E+12
2021-08-20,VNINDEX,1367.86,1369.39,1317.52,1329.43,-45.42,-3.303633,1206468346,3.83496E+13,1171621900,3.68071E+13,34846446,1.54251E+12
2021-08-19,VNINDEX,1360.61,1374.85,1352.94,1374.85,13.91,1.022088,728172556,2.5511E+13,653254900,2.1999E+13,74917656,3.51193E+12
2021-08-18,VNINDEX,1361.24,1370.5,1355.83,1360.94,-2.15,-0.15773,689777155,2.44067E+13,641678400,2.25488E+13,48098755,1.85795E+12
2021-08-17,VNINDEX,1377.7,1379.7,1359.11,1363.09,-7.87,-0.57405,768611381,2.57744E+13,732378200,2.44789E+13,36233181,1.29549E+12
2021-08-16,VNINDEX,1364.1,1372.33,1361.75,1370.96,13.91,1.025018,827714487,2.75049E+13,798944800,2.61506E+13,28769687,1.35422E+12
2021-08-13,VNINDEX,1352.56,1357.41,1336.74,1357.05,4,0.295628,744146512,2.46286E+13,718718300,2.29839E+13,25428212,1.64469E+12
2021-08-12,VNINDEX,1356.27,1365.01,1353.05,1353.05,-4.74,-0.349097,741564306,2.26842E+13,716513500,2.163E+13,25050806,1.05416E+12
2021-08-11,VNINDEX,1365.05,1374.03,1357.79,1357.79,-4.64,-0.340568,806773484,2.63448E+13,770571200,2.46085E+13,36202284,1.73631E+12
2021-08-10,VNINDEX,1367.99,1370.35,1358.12,1362.43,2.57,0.18899,716535179,2.30088E+13,677981600,2.10497E+13,38553579,1.95902E+12
2021-08-09,VNINDEX,1337.78,1361.12,1334.69,1359.86,18.41,1.372396,688432584,2.26295E+13,636278900,2.05986E+13,52153684,2.03097E+12
2021-08-06,VNINDEX,1348.24,1351.85,1341.45,1341.45,-4.1,-0.304708,736160871,2.25112E+13,682081800,2.06671E+13,54079071,1.84403E+12
2021-08-05,VNINDEX,1331.14,1346.62,1326.8,1345.55,10.81,0.809896,635468265,1.93242E+13,590429600,1.75333E+13,45038665,1.7909E+12
2021-08-04,VNINDEX,1337.72,1340.76,1328.4,1334.74,2.3,0.172616,661800172,2.12842E+13,626287700,1.93685E+13,35512472,1.91567E+12
2021-08-03,VNINDEX,1316.15,1332.44,1315.57,1332.44,18.22,1.386374,647012746,2.14956E+13,617967000,2.02222E+13,29045746,1.27344E+12
2021-08-02,VNINDEX,1308.69,1322.35,1304.49,1314.22,4.17,0.318308,614533756,1.97917E+13,586763000,1.83305E+13,27770756,1.4612E+12
2021-07-30,VNINDEX,1298.01,1311.97,1296.95,1310.05,16.45,1.271645,644437796,2.17597E+13,618748500,2.01531E+13,25689296,1.60663E+12
2021-07-29,VNINDEX,1286.33,1293.6,1282.88,1293.6,16.53,1.294369,491061034,1.62794E+13,445516100,1.44813E+13,45544934,1.79805E+12
2021-07-28,VNINDEX,1273.48,1281.17,1271.78,1277.07,0.14,0.010964,406887068,1.30649E+13,361912000,1.14851E+13,44975068,1.57974E+12
2021-07-27,VNINDEX,1283.67,1288.35,1276.53,1276.93,4.22,0.331576,566746020,1.85508E+13,519931600,1.6362E+13,46814420,2.18871E+12
2021-07-26,VNINDEX,1262.74,1277.33,1254.57,1272.71,3.88,0.305794,509547170,1.62281E+13,461081000,1.42053E+13,48466170,2.02282E+12
2021-07-23,VNINDEX,1288.83,1295.63,1268.83,1268.83,-24.84,-1.920119,582254124,1.93298E+13,550861800,1.79686E+13,31392324,1.36117E+12
2021-07-22,VNINDEX,1270.7,1294.16,1266.54,1293.67,22.88,1.800455,536411753,1.70061E+13,493258000,1.49641E+13,43153753,2.04201E+12
2021-07-21,VNINDEX,1277.27,1284.33,1266.71,1270.79,-2.5,-0.196342,451951637,1.60034E+13,395114300,1.26998E+13,56837337,3.30363E+12
2021-07-20,VNINDEX,1245.96,1273.29,1225.52,1273.29,29.78,2.394834,568601882,1.78797E+13,538794200,1.66514E+13,29807682,1.22827E+12
2021-07-19,VNINDEX,1269.06,1276.55,1237.79,1243.51,-55.8,-4.294587,731023345,2.18483E+13,675617000,2.0047E+13,55406345,1.80128E+12
2021-07-16,VNINDEX,1298.38,1304.37,1296.06,1299.31,5.39,0.416564,465415299,1.54585E+13,415120500,1.34507E+13,50294799,2.00782E+12
2021-07-15,VNINDEX,1270.77,1299.18,1270.77,1293.92,14.01,1.094608,439929193,1.51447E+13,419138600,1.40971E+13,20790593,1.04764E+12
2021-07-14,VNINDEX,1297.41,1305.37,1264.68,1279.91,-17.63,-1.358725,592758094,1.93248E+13,547973900,1.7052E+13,44784194,2.2728E+12
2021-07-13,VNINDEX,1305.36,1307.73,1278.3,1297.54,1.24,0.095657,539601346,1.59153E+13,500178900,1.42881E+13,39422446,1.62722E+12
2021-07-12,VNINDEX,1338.11,1340.65,1270.06,1296.3,-50.84,-3.773921,961739463,3.16156E+13,912737200,2.90492E+13,49002263,2.56646E+12
2021-07-09,VNINDEX,1365.28,1373.51,1335.9,1347.14,-27.54,-2.003375,760341110,2.571E+13,713991100,2.34579E+13,46350010,2.25212E+12
2021-07-08,VNINDEX,1381.11,1385.75,1363.92,1374.68,-13.87,-0.998884,552300939,2.01982E+13,528832600,1.90209E+13,23468339,1.17734E+12
2021-07-07,VNINDEX,1361.76,1388.55,1334.58,1388.55,33.76,2.491899,785186460,2.65962E+13,733801300,2.45055E+13,51385160,2.0907E+12
2021-07-06,VNINDEX,1411.13,1418.99,1354.79,1354.79,-56.34,-3.99,803157293,2.86731E+13,773512600,2.69442E+13,29644693,1.72893E+12
2021-07-05,VNINDEX,1420.27,1421.52,1394.12,1411.13,-9.14,-0.64,817327351,2.80362E+13,774451500,2.59381E+13,42875851,2.09815E+12
2021-07-02,VNINDEX,1422.89,1424.28,1415.82,1420.27,3.19,0.225111,706826827,2.60408E+13,653610300,2.27646E+13,53216527,3.27625E+12
2021-07-01,VNINDEX,1412.15,1417.27,1402.18,1417.08,8.53,0.605587,753563531,2.61314E+13,699282500,2.36127E+13,54281031,2.51876E+12
2021-06-30,VNINDEX,1410.83,1419.61,1408.18,1408.55,-1.49,-0.105671,595285664,2.10559E+13,532318900,1.77352E+13,62966764,3.32065E+12
2021-06-29,VNINDEX,1408.34,1416.34,1406.87,1410.04,4.23,0.300894,647389173,2.13248E+13,609604200,1.94223E+13,37784973,1.90252E+12
2021-06-28,VNINDEX,1397.96,1406.02,1390.56,1405.81,15.69,1.12868,699512167,2.31923E+13,654617700,2.15499E+13,44894467,1.64238E+12
2021-06-25,VNINDEX,1382.11,1390.12,1372.8,1390.12,10.4,0.753776,598105590,1.91276E+13,518602200,1.66698E+13,79503390,2.45782E+12
2021-06-24,VNINDEX,1380.07,1384.71,1372.99,1379.72,2.85,0.206991,591749340,1.84844E+13,538103500,1.66734E+13,53645840,1.81098E+12
2021-06-23,VNINDEX,1383.15,1388.33,1372.06,1376.87,-3.1,-0.224643,710770695,2.11241E+13,644736300,1.90745E+13,66034395,2.04969E+12
2021-06-22,VNINDEX,1380.84,1385.98,1375,1379.97,7.34,0.53474,746947557,2.23934E+13,694747200,1.98854E+13,52200357,2.50804E+12
2021-06-21,VNINDEX,1373.59,1381.74,1367.85,1372.63,-5.14,-0.373067,768183176,2.26603E+13,731280000,2.04432E+13,36903176,2.21704E+12
2021-06-18,VNINDEX,1366.19,1377.77,1363.52,1377.77,17.85,1.312577,809465947,2.37349E+13,750587000,2.09147E+13,58878947,2.82025E+12
2021-06-17,VNINDEX,1341.06,1364.55,1337.49,1359.92,3.4,0.250641,768729797,2.25181E+13,712336800,2.013E+13,56392997,2.38808E+12
2021-06-16,VNINDEX,1363.85,1370.14,1350.73,1356.52,-10.84,-0.792769,769633642,2.34339E+13,740320300,2.21668E+13,29313342,1.2671E+12
2021-06-15,VNINDEX,1361.58,1372.72,1356.59,1367.36,5.64,0.414182,730942289,2.44253E+13,706567000,2.31839E+13,24375289,1.24147E+12
2021-06-14,VNINDEX,1352.73,1368.53,1352.73,1361.72,9.98,0.738308,775724500,2.53353E+13,715610800,2.32284E+13,60113700,2.10689E+12
